name,price,stars,product_link
"itel A18 5.0"" 1GB RAM/32GB ROM Android 11 - Morion Grey","₦ 46,990",4 out of 5,https://www.jumia.com.ng/itel-a18-5.0-1gb-ram32gb-rom-android-11-morion-grey-204388771.html
"itel S23 6.6"" 90Hz HD+, 128GB ROM + Up To 8GB RAM, 5000mAh Type-C, 50MP Clear Camera, 4G, Fingerprint & Face ID - White","₦ 96,450",3.9 out of 5,https://www.jumia.com.ng/itel-s23-6.6-90hz-hd-128gb-rom-up-to-8gb-ram-5000mah-type-c-50mp-clear-camera-4g-fingerprint-face-id-white-249277946.html
"itel P40 Plus 6.6"" 4GB RAM/128GB ROM Android 13 - Black","₦ 102,000",4.5 out of 5,https://www.jumia.com.ng/itel-p40-plus-6.6-4gb-ram128gb-rom-android-13-black-249754068.html
"itel A04 6.3"" HD+ Screen, 2GB RAM + 32GB ROM, 4000mAh, 5MP Camera, 3G, Fingerprint & Face Unlock - Cyan +Free Case","₦ 56,750",4.2 out of 5,https://www.jumia.com.ng/itel-a04-6.3-hd-screen-2gb-ram-32gb-rom-4000mah-5mp-camera-3g-fingerprint-face-unlock-cyan-free-case-241113737.html
"itel A60 6.6"" HD+, 2GB RAM/32GB ROM Android 12 - Black","₦ 59,950",4.3 out of 5,https://www.jumia.com.ng/itel-a60-6.6-hd-2gb-ram32gb-rom-android-12-black-219939135.html
itel 20000mAh Dual Output Fast Charging Power Bank,"₦ 12,490",4.2 out of 5,https://www.jumia.com.ng/itel-20000mah-dual-output-fast-charging-power-bank-98332547.html
"itel P40 Plus 6.6"", 128GB ROM + 4GB RAM, 7000mAh 18W, 13MP","₦ 106,990",4.3 out of 5,https://www.jumia.com.ng/itel-p40-plus-6.6-128gb-rom-4gb-ram-7000mah-18w-13mp-251240482.html
"itel 5626 2.8"" Screen, 2500mAh Battery, Triple SIM, Loudspeaker","₦ 19,499",4.4 out of 5,https://www.jumia.com.ng/itel-5626-2.8-screen-2500mah-battery-triple-sim-loudspeaker-127679423.html
"itel P40 6.6"" 4GB RAM/64GB ROM Android 12 - Gold","₦ 59,990",4.7 out of 5,https://www.jumia.com.ng/itel-p40-6.6-4gb-ram64gb-rom-android-12-gold-263359048.html
"itel A18 5.0"" 1GB RAM/32GB ROM Android 11 - Blue","₦ 47,250",3.8 out of 5,https://www.jumia.com.ng/a18-5.0-screen-32gb-rom-1gb-ram-2400mah-android-11-3g-itel-mpg1680112.html
"itel P40 6.6"" 4GB RAM/64GB ROM Android 12 - Black","₦ 59,999",4.8 out of 5,https://www.jumia.com.ng/itel-p40-6.6-4gb-ram64gb-rom-android-12-black-263359044.html
"itel P40 6.6"" 4GB RAM/64GB ROM Android 12 - Black","₦ 68,590",4.3 out of 5,https://www.jumia.com.ng/itel-p40-6.6-4gb-ram64gb-rom-android-12-black-237104317.html
"itel S23 6.6"" 128GB + 4GB RAM, 5000mAh  50MP  BLACK","₦ 99,998",4.7 out of 5,https://www.jumia.com.ng/itel-s23-6.6-128gb-4gb-ram-5000mah-50mp-black-252705137.html
"itel 2160,1.77Screen,Rear Camera, Facebook,1000mAh - Black","₦ 8,990",3.9 out of 5,https://www.jumia.com.ng/itel-21601.77screenrear-camera-facebook1000mah-black-236139155.html
"itel A70 6.6""HD 4GB RAM 128GB ROM Android 12 - Blue","₦ 78,900",5 out of 5,https://www.jumia.com.ng/itel-a70-6.6hd-4gb-ram-128gb-rom-android-12-blue-264154134.html
"itel S23 6.6"", 128GB ROM + Up To 8GB RAM, 50MP Camera, 5000mAh","₦ 95,990",4.3 out of 5,https://www.jumia.com.ng/itel-s23-6.6-128gb-rom-up-to-8gb-ram-50mp-camera-5000mah-246479162.html
"itel 5626 2.8"" Screen 2500mAh Battery","₦ 19,990",4.6 out of 5,https://www.jumia.com.ng/itel-5626-2.8-screen-2500mah-battery-67720940.html
itel 32 Inches LED TV (A3241) + 1 year Warranty,"₦ 68,500",4.5 out of 5,https://www.jumia.com.ng/itel-32-inches-led-tv-a3241-1-year-warranty-263130549.html
"itel P40 6.6"" 4GB RAM/64GB ROM Android 12 - Black","₦ 72,990",4.3 out of 5,https://www.jumia.com.ng/itel-p40-6.6-4gb-ram64gb-rom-android-12-black-237710594.html
"itel 20000mAh Fast Charging, Bright Torch Power Bank + Free Fast Charger","₦ 14,990",4.2 out of 5,https://www.jumia.com.ng/itel-20000mah-fast-charging-bright-torch-power-bank-free-fast-charger-105122577.html
"itel S23 Plus 6.78"", 256GB ROM + Up To 16GB RAM, 5000mAh, 50MP","₦ 187,750",4.3 out of 5,https://www.jumia.com.ng/s23-plus-6.78-256gb-rom-up-to-16gb-ram-5000mah-50mp-itel-mpg3790229.html
itel S23 128GB + 4GB Android 12 SKY BLUE,"₦ 87,600",4 out of 5,https://www.jumia.com.ng/itel-s23-128gb-4gb-android-12-sky-blue-262536744.html
itel 2163 Wireless FM Torchlight Dual SIM - Black,"₦ 8,990",4.3 out of 5,https://www.jumia.com.ng/itel-2163-wireless-fm-torchlight-dual-sim-black-84833750.html
"itel A70 6.6""HD 4GB RAM 128GB ROM Android 12 - Black","₦ 78,900",4 out of 5,https://www.jumia.com.ng/itel-a70-6.6hd-4gb-ram-128gb-rom-android-12-black-268221070.html
itel S23 128GB + 4GB Android 12 WHITE,"₦ 86,000",5 out of 5,https://www.jumia.com.ng/itel-s23-128gb-4gb-android-12-white-263349311.html
"itel A04 6.3"" Screen, 2GB RAM + 32GB ROM, 4000mAh, 5MP AI Camera","₦ 57,990",3.8 out of 5,https://www.jumia.com.ng/a04-6.3-screen-2gb-ram-32gb-rom-4000mah-5mp-ai-camera-itel-mpg3790218.html
"itel P40 6.6"", 64GB ROM + Up To 7GB RAM, 6000mAh, 13MP + 5MP, 4G","₦ 75,790",5 out of 5,https://www.jumia.com.ng/p40-6.6-64gb-rom-up-to-7gb-ram-6000mah-13mp-5mp-4g-itel-mpg1792667.html
"itel P40 Plus 6.6"", 128GB ROM + Up To 8GB RAM, 7000mAh 18W, 13MP","₦ 106,990",5 out of 5,https://www.jumia.com.ng/itel-p40-plus-6.6-128gb-rom-up-to-8gb-ram-7000mah-18w-13mp-251767433.html
"itel 2163 1.8"" Wireless FM Torchlight Dual SIM","₦ 8,990",3.8 out of 5,https://www.jumia.com.ng/itel-2163-1.8-wireless-fm-torchlight-dual-sim-84833734.html
"itel S23 6.6""  128GB ROM + UP TO 8GB RAM, 5000mAh  50MP BLACK","₦ 99,998",4.7 out of 5,https://www.jumia.com.ng/itel-s23-6.6-128gb-rom-up-to-8gb-ram-5000mah-50mp-black-252669868.html
itel 20000mAh Dual Output & Input Fast Charging Power Bank,"₦ 12,490",4.2 out of 5,https://www.jumia.com.ng/itel-20000mah-dual-output-input-fast-charging-power-bank-146682244.html
itel 45000mAh Max Power 450PF Fast Charge PowerBank With Lamp,"₦ 36,990",4.1 out of 5,https://www.jumia.com.ng/itel-45000mah-max-power-450pf-fast-charge-powerbank-with-lamp-239640755.html
"itel S23+ 6.78"" AMOLED, 256GB ROM + Up To 16GB RAM, 5000mAh, 50MP","₦ 187,750",No rateing data,https://www.jumia.com.ng/s23-plus-6.78-amoled-256gb-rom-up-to-16gb-ram-5000mah-type-c-50mp-clear-camera-4g-fingerprint-blue-itel-mpg3372025.html
"itel S23  Fee Umbrella128GB ROM + 4GB RAM, 5000mAh  50MP","₦ 99,998",3 out of 5,https://www.jumia.com.ng/itel-s23-fee-umbrella128gb-rom-4gb-ram-5000mah-50mp-253000453.html
"itel It2160 Wireless Fm, Torchlight, Dual SIM - Dark Blue","₦ 10,900",4.4 out of 5,https://www.jumia.com.ng/it2160-wireless-fm-torchlight-dual-sim-dark-blue-itel-mpg2196513.html
itel 30000mAh Triple Input Fast Charging Power Bank + Free Gift,"₦ 24,990",4.2 out of 5,https://www.jumia.com.ng/itel-30000mah-triple-input-fast-charging-power-bank-free-gift-223347431.html
"itel S18 6.6"" HD+, 64GB ROM + 2GB RAM (UpTo 4GB), 5000mAh, 4G LTE","₦ 59,990",5 out of 5,https://www.jumia.com.ng/s18-6.6-hd-64gb-rom-2gb-ram-upto-4gb-5000mah-4g-lte-itel-mpg1762523.html
"itel P40 Plus 6.6"" Screen, 128GB ROM + Up To 8GB RAM, 7000mAh 18W, 13MP Dual Camera, Android 13, 4G, Finger & Face ID - Cyan","₦ 106,990",5 out of 5,https://www.jumia.com.ng/itel-p40-plus-6.6-screen-128gb-rom-up-to-8gb-ram-7000mah-18w-13mp-dual-camera-android-13-4g-finger-face-id-cyan-251883764.html
itel 20000mAh Dual Input & Output Fast Charging Power Bank,"₦ 12,499",4.6 out of 5,https://www.jumia.com.ng/itel-20000mah-dual-input-output-fast-charging-power-bank-146687972.html
"itel 20000mAh Fast Charging, Bright Torch Power Bank+Free Charger","₦ 13,770",No rateing data,https://www.jumia.com.ng/itel-20000mah-fast-charging-bright-torch-power-bankfree-charger-229859387.html
itel 20000mAh  Mobile Power Charge Bank,"₦ 10,800",4.3 out of 5,https://www.jumia.com.ng/20000mah-mobile-power-charge-bank-itel-mpg2945241.html
"itel A60 6.6"" HD+ Screen, 2GB RAM + 32GB ROM, 5000mAh, 4G LTE, 8MP + 5MP Camera, Fingerprint & Face Unlock - Black +Free Case","₦ 58,950",4.3 out of 5,https://www.jumia.com.ng/itel-a60-6.6-hd-screen-2gb-ram-32gb-rom-5000mah-4g-lte-8mp-5mp-camera-fingerprint-face-unlock-black-free-case-220450068.html
"itel A18 , 32GB ROM / 1GB RAM, 5.0 Inch, 2400mAH Battery, Blue","₦ 51,900",5 out of 5,https://www.jumia.com.ng/itel-a18-32gb-rom-1gb-ram-5.0-inch-2400mah-battery-blue-41564613.html
"itel 10000mAh Fast Charging,STAR100 Mobile Power Charge Bank","₦ 8,200",4.5 out of 5,https://www.jumia.com.ng/itel-10000mah-fast-chargingstar100-mobile-power-charge-bank-256737718.html
"itel A04 6.3"" HD+ Screen, 2GB RAM + 32GB ROM, 4000mAh, 5MP Camera, 3G, Fingerprint & Face Unlock - Violet +Free Case","₦ 61,650",4 out of 5,https://www.jumia.com.ng/itel-a04-6.3-hd-screen-2gb-ram-32gb-rom-4000mah-5mp-camera-3g-fingerprint-face-unlock-violet-free-case-241113742.html
"itel It2163N,1.77 Screen,Opera Mini, BrightTorch,1000mAh , Black","₦ 9,599",3.8 out of 5,https://www.jumia.com.ng/itel-it2163n1.77-screenopera-mini-brighttorch1000mah-black-87581190.html
"itel A04 6.3"" HD+ Screen, 2GB RAM + 32GB ROM, 4000mAh, 5MP Camera","₦ 61,750",No rateing data,https://www.jumia.com.ng/a04-6.3-hd-screen-2gb-ram-32gb-rom-4000mah-5mp-camera-itel-mpg3521138.html
"itel A70 (A665L) 3GB RAM + 128GB ROM 5000mAh, 8MP- Black","₦ 69,000",No rateing data,https://www.jumia.com.ng/itel-a70-a665l-3gb-ram-128gb-rom-5000mah-8mp-black-267747640.html
"itel A04 6.3"" HD+ Screen, 2GB RAM + 32GB ROM, 4000mAh, 5MP Camera","₦ 61,750",3.5 out of 5,https://www.jumia.com.ng/a04-6.3-hd-screen-2gb-ram-32gb-rom-4000mah-5mp-camera-itel-mpg3790219.html
"itel P40 6.6"" Screen, 64GB ROM + Up To 7GB RAM, 6000mAh 18W Charge, 13MP Dual Camera, Android 12, 4G, Finger & Face ID - Gold","₦ 79,990",No rateing data,https://www.jumia.com.ng/itel-p40-6.6-screen-64gb-rom-up-to-7gb-ram-6000mah-18w-charge-13mp-dual-camera-android-12-4g-finger-face-id-gold-237710597.html
"itel P38 6.6"" HD+ Screen, 2GB RAM + 32GB ROM, 8MP Camera, 5000mAh 15W Charge, Android 11, Fingerprint & Face ID - Blue","₦ 80,000",No rateing data,https://www.jumia.com.ng/p38-6.6-hd-screen-2gb-ram-32gb-rom-8mp-camera-5000mah-15w-charge-android-11-fingerprint-face-id-blue-itel-mpg1680117.html
itel Tel 20000mAh Dual Output Fast Charging STAR 200 Power Bank,"₦ 18,989",No rateing data,https://www.jumia.com.ng/itel-tel-20000mah-dual-output-fast-charging-star-200-power-bank-95927162.html
"itel P17-5.5"" Screen, 16GB RAM + 1GB ROM, 4G, Android11 -Blue","₦ 60,000",No rateing data,https://www.jumia.com.ng/itel-p17-5.5-screen-16gb-ram-1gb-rom-4g-android11-blue-130558138.html
"itel P40 PLUS-6.8""HD+-128/4GBRAM-13/8MP-4G LTE-7000MAH/18W-CYAN","₦ 107,000",No rateing data,https://www.jumia.com.ng/itel-p40-plus-6.8hd-1284gbram-138mp-4g-lte-7000mah18w-cyan-268022960.html
"itel P38 Pro 6.8""HD+-64/2GB RAM-13MP-FACE UNLOCK-6000mAh-BLUE","₦ 71,000",No rateing data,https://www.jumia.com.ng/itel-p38-pro-6.8hd-642gb-ram-13mp-face-unlock-6000mah-blue-268023393.html
"itel It 5606 2500mAh Big Battery, FM, Facebook,City Blue","₦ 13,100",4.5 out of 5,https://www.jumia.com.ng/itel-it-5606-2500mah-big-battery-wireless-fm-facebook-dual-sim-phone-city-blue-itel-mpg323351.html
"itel Itel2160 Torchlight, Cheapest Small Button Phones For Cheap","₦ 13,930",5 out of 5,https://www.jumia.com.ng/itel-itel2160-torchlight-cheapest-small-button-phones-for-cheap-97429132.html
itel 1.7 Litre Cordless Electric Kettle / Jug 1700Watts - IKE17E1,"₦ 6,250",4.3 out of 5,https://www.jumia.com.ng/itel-1.7-litre-cordless-electric-kettle-jug-1700watts-ike17e1-187078373.html
"itel S23 6.6"", 128GB + 4+4 GB RAM, 50MP, 4G LTE, 5000mAh -White","₦ 96,450",1 out of 5,https://www.jumia.com.ng/s23-6.6-128gb-44-gb-ram-50mp-4g-lte-5000mah-white-itel-mpg3790224.html
itel S23+ 256GB ROM + 8GB RAM Android 12 -CYAN,"₦ 225,000",No rateing data,https://www.jumia.com.ng/s23-256gb-rom-8gb-ram-android-12-cyan-itel-mpg3790216.html
"itel Pad 1 4G 10.1"" Screen, 4 + 128GB ROM, 6000mAh - BLUE","₦ 155,000",No rateing data,https://www.jumia.com.ng/itel-pad-1-4g-10.1-screen-4-128gb-rom-6000mah-blue-267167197.html
"itel A18  5.0"" 32GB ROM + 1GB RAM, 2400mAh,3G-Black","₦ 54,800",No rateing data,https://www.jumia.com.ng/itel-a18-5.0-32gb-rom-1gb-ram-2400mah3g-black-268121171.html
"itel 5606 Dual Sim. Wireless FM, Facebook, 2500mAh- Dark Blue","₦ 13,900",4.5 out of 5,https://www.jumia.com.ng/5606-dual-sim.-wireless-fm-facebook-2500mah-dark-blue-itel-mpg1792653.html
"itel S18 6.6"", 64GB ROM + 2GB RAM (UpTo 4GB), 5000mAh, 4G - Green","₦ 79,999",No rateing data,https://www.jumia.com.ng/s18-6.6-64gb-rom-2gb-ram-upto-4gb-5000mah-4g-green-itel-mpg1680130.html
itel A60s (128GB ROM + Up To 8GB RAM) 5000mAh 4G Black,"₦ 98,000",No rateing data,https://www.jumia.com.ng/itel-a60s-128gb-rom-up-to-8gb-ram-5000mah-4g-black-268263736.html
"itel S18 6.6"", 64GB/2GB (UpTo 4GB), 5000mAh, 4G - Black","₦ 79,999",5 out of 5,https://www.jumia.com.ng/s18-6.6-64gb2gb-upto-4gb-5000mah-4g-black-itel-mpg1680131.html
itel 3 Sockets Extension Box (ISU-1331WL) -White,"₦ 4,000",4.7 out of 5,https://www.jumia.com.ng/itel-3-sockets-extension-box-isu-1331wl-white-150781871.html
"itel Circle 1 Unique Design, Round Screen, Dual SIM Phone - Black","₦ 16,850",3 out of 5,https://www.jumia.com.ng/itel-circle-1-unique-design-round-screen-dual-sim-phone-black-259216142.html
"itel Pad 1 4G  10.1"" Screen, 128GB + 4GB RAM, 6000mAh,- Grey","₦ 155,000",No rateing data,https://www.jumia.com.ng/itel-pad-1-4g-10.1-screen-128gb-4gb-ram-6000mah-grey-267170539.html
"itel A60 6.6"" HD+, 2GB RAM + 32GB ROM, 5000mAh, 4G, Fingerprint","₦ 59,990",No rateing data,https://www.jumia.com.ng/itel-a60-6.6-hd-2gb-ram-32gb-rom-5000mah-4g-fingerprint-219936794.html
"itel 20000mAh Fast Charging, Bright Torch STAR 200 Power Bank","₦ 16,999",No rateing data,https://www.jumia.com.ng/itel-20000mah-fast-charging-bright-torch-star-200-power-bank-171186293.html
"itel A58 6.6"" HD+ Screen, Android 11, 16GB ROM + 1GB RAM, 4000mAh Battery, Dual Camera, Fingerprint & Face Unlock","₦ 64,999",No rateing data,https://www.jumia.com.ng/itel-a58-6.6-hd-screen-android-11-16gb-rom-1gb-ram-4000mah-battery-dual-camera-fingerprint-face-unlock-210622515.html
"itel A60 6.6""HD+ 2GB RAM + 32GB ROM, Fingerprint-4G LTE 5000MAH","₦ 74,600",No rateing data,https://www.jumia.com.ng/a60-6.6hd-2gb-ram-32gb-rom-fingerprint-4g-lte-5000mah-itel-mpg1792661.html
itel 30000mAh Triple Input Fast Charging Power Bank + Fast Type-C Charger,"₦ 26,990",4.2 out of 5,https://www.jumia.com.ng/itel-30000mah-triple-input-fast-charging-power-bank-fast-type-c-charger-231675997.html
"itel A58 6.6"" HD+ Screen, Android 11, 16GB ROM + 1GB RAM, 4000mAh Battery, Dual Camera, Fingerprint & Face Unlock - Cyan","₦ 64,999",No rateing data,https://www.jumia.com.ng/a58-6.6-hd-screen-android-11-16gb-rom-1gb-ram-4000mah-battery-dual-camera-fingerprint-face-unlock-cyan-itel-mpg1795865.html
"itel S18 Pro 6.6"", 64GB + 7GB(4+3GB*) RAM, 32MP Selfie, 5000mAh","₦ 82,790",4 out of 5,https://www.jumia.com.ng/s18-pro-6.6-64gb-7gb43gb-ram-32mp-selfie-5000mah-itel-mpg1680136.html
"itel A60 6.6"" HD+ Screen, 2GB RAM + 32GB ROM, 5000mAh, 4G LTE, 8MP + 5MP Camera, Fingerprint & Face Unlock - Blue","₦ 64,999",4 out of 5,https://www.jumia.com.ng/a60-6.6-hd-screen-2gb-ram-32gb-rom-5000mah-4g-lte-8mp-5mp-camera-fingerprint-face-unlock-blue-itel-mpg3790221.html
"itel 5606, Battery 2500 MAH Wireless FM, Dual SIM -  Blue","₦ 16,500",No rateing data,https://www.jumia.com.ng/itel-5606-battery-2500-mah-wireless-fm-dual-sim-blue-268029797.html
itel World Most Fastest Hot Water Heater Kettle,"₦ 7,040",4.2 out of 5,https://www.jumia.com.ng/powerful-fast-heating-electric-jug-kettle-17e1-itel-mpg3771151.html
"itel A60 6.6"" HD+ Screen, 2GB RAM + 32GB ROM, 5000mAh, 4G LTE, 8MP + 5MP Camera, Fingerprint & Face Unlock - Black","₦ 64,999",4 out of 5,https://www.jumia.com.ng/itel-a60-6.6-hd-screen-2gb-ram-32gb-rom-5000mah-4g-lte-8mp-5mp-camera-fingerprint-face-unlock-black-227347136.html
"itel A60 6.6"" HD+ Screen, 2GB RAM + 32GB ROM, 5000mAh, 4G LTE, 8MP + 5MP Camera, Fingerprint & Face Unlock - Black","₦ 69,999",No rateing data,https://www.jumia.com.ng/itel-a60-6.6-hd-screen-2gb-ram-32gb-rom-5000mah-4g-lte-8mp-5mp-camera-fingerprint-face-unlock-black-227444154.html
"itel A04 6.3""HD+ 2GB RAM + 32GB ROM, Fingerprint-3G","₦ 69,000",No rateing data,https://www.jumia.com.ng/a04-6.3hd-2gb-ram-32gb-rom-fingerprint-3g-itel-mpg3790220.html
"itel A60 6.6"" HD+ Screen, 2GB RAM +32GB ROM, 5000mAh, 4G LTE, 8MP","₦ 59,950",No rateing data,https://www.jumia.com.ng/itel-a60-6.6-hd-screen-2gb-ram-32gb-rom-5000mah-4g-lte-8mp-224326097.html
"itel S23 6.6"" 90Hz HD+, 128GB ROM + Up To 8GB RAM, 5000mAh Type-C, 50MP Clear Camera, 4G, Fingerprint & Face ID - Black","₦ 96,300",3 out of 5,https://www.jumia.com.ng/s23-6.6-90hz-hd-128gb-rom-up-to-8gb-ram-5000mah-type-c-50mp-clear-camera-4g-fingerprint-face-id-black-itel-mpg3790228.html
"itel A18 5.0"" Screen, 32GB ROM + 1GB RAM, 2400mAh, 3G-BLUE","₦ 54,500",No rateing data,https://www.jumia.com.ng/itel-a18-5.0-screen-32gb-rom-1gb-ram-2400mah-3g-blue-268124410.html
itel 20000mAh Dual Output Fast Charging STAR 200 Power Bank,"₦ 13,890",4.4 out of 5,https://www.jumia.com.ng/itel-20000mah-dual-output-fast-charging-star-200-power-bank-207755276.html
"itel S23 6.6"", 128GB + 4+4 GB RAM, 50MP, 4G LTE, 5000mAh -Black","₦ 99,400",No rateing data,https://www.jumia.com.ng/itel-s23-6.6-128gb-44-gb-ram-50mp-4g-lte-5000mah-black-254180326.html
"itel S18 Pro 6.6"", 64GB ROM + Up To 7GB RAM, 32MP, 5000mAh, 4G","₦ 82,750",3 out of 5,https://www.jumia.com.ng/s18-pro-64gb-rom-7gb-ram-43gb-4g-lte-black-itel-mpg1762524.html
"itel S23 6.6"" 128GB ROM + Up To 8GB RAM, 50MP Camera, 4G, 5000mAh","₦ 96,750",4.2 out of 5,https://www.jumia.com.ng/itel-s23-6.6-128gb-rom-up-to-8gb-ram-50mp-camera-4g-5000mah-246479184.html
"itel P40 Plus 6.6"" Screen, 128GB ROM + Up To 8GB RAM, 7000mAh 18W, 13MP Dual Camera, Android 13, 4G, Finger & Face ID - Black","₦ 107,650",5 out of 5,https://www.jumia.com.ng/itel-p40-plus-6.6-screen-128gb-rom-up-to-8gb-ram-7000mah-18w-13mp-dual-camera-android-13-4g-finger-face-id-black-251240574.html
"itel S23 6.6"" 128GB ROM + Up To 8GB RAM, 50MP Camera, 4G, 5000mAh","₦ 96,300",No rateing data,https://www.jumia.com.ng/s23-6.6-128gb-rom-up-to-8gb-ram-50mp-camera-4g-5000mah-itel-mpg3790227.html
"itel 2 USB Port, 2A Faster Charger With Free Fast Cable - Black","₦ 2,990",4.3 out of 5,https://www.jumia.com.ng/itel-2-usb-port-2a-faster-charger-with-free-fast-cable-black-194775356.html
"itel PrimeTab 1 7.0"" Screen, 32GB ROM + 1GB RAM, 4000mAh, 5.0MP Camera, Android 10, OTG, WIFI, Dual SIM Tab - Blue +Free Case","₦ 110,678",No rateing data,https://www.jumia.com.ng/itel-primetab-1-7.0-screen-32gb-rom-1gb-ram-4000mah-5.0mp-camera-android-10-otg-wifi-dual-sim-tab-blue-free-case-98271566.html
"itel P38 Pro 6.8"" 2GB RAM/64GB ROM Android 11 - Black","₦ 73,790",5 out of 5,https://www.jumia.com.ng/p38-pro-6.8-2gb-ram64gb-rom-android-11-black-itel-mpg1978195.html
"itel P38 Pro 6.8"" Screen, 64GB ROM + 2GB RAM, 6000mAh 18W Charge, 13MP Camera, Android 11, 4G, Fingerprint & Face ID - Blue","₦ 73,750",4.7 out of 5,https://www.jumia.com.ng/p38-pro-6.8-screen-64gb-rom-2gb-ram-6000mah-18w-charge-13mp-camera-android-11-4g-fingerprint-face-id-blue-itel-mpg1680127.html
"itel S23 6.6"", 128GB ROM 4+4GB RAM With Fingerprint Black","₦ 108,000",No rateing data,https://www.jumia.com.ng/s23-6.6-128gb-rom-44gb-ram-with-fingerprint-black-itel-mpg1978196.html
itel Big Torch Cheapest Small Button Basic Phone For Cheap,"₦ 13,499",3 out of 5,https://www.jumia.com.ng/itel-big-torch-cheapest-small-button-basic-phone-for-cheap-97530670.html
"itel A18 5.0"" Screen, 32GB ROM + 1GB RAM, 2400mAh, Android 11, 3G, Dual SIM - Blue","₦ 47,999",No rateing data,https://www.jumia.com.ng/a18-5.0-screen-32gb-rom-1gb-ram-2400mah-android-11-3g-dual-sim-blue-itel-mpg3790217.html
itel 20000mAh Dual Input & Dual Output (Fast Charging) Power Bank,"₦ 12,740",4.5 out of 5,https://www.jumia.com.ng/itel-20000mah-dual-input-dual-output-fast-charging-power-bank-97419271.html
itel A60 (A662L) 2GB RAM + 32GB ROM - Black / Blue,"₦ 74,990",No rateing data,https://www.jumia.com.ng/itel-a60-a662l-2gb-ram-32gb-rom-black-blue-253045032.html
"itel P40 Plus 6.6"" 4GB RAM/128GB ROM Android 13 - Black","₦ 102,000",4.5 out of 5,https://www.jumia.com.ng/itel-p40-plus-6.6-4gb-ram128gb-rom-android-13-black-249754068.html
"itel 32"" Inches DLED HD TV (A3250)Overvoltage Protection + 1 Year Warranty - Black","₦ 79,900",4.1 out of 5,https://www.jumia.com.ng/itel-32-inches-dled-hd-tv-a3250overvoltage-protection-1-year-warranty-black-129512995.html
"itel 2160 Wireless FM, Bright Torchlight, Call Recorder, Dual SIM Mobile - Blue","₦ 10,950",4.4 out of 5,https://www.jumia.com.ng/2160-wireless-fm-bright-torchlight-call-recorder-dual-sim-mobile-blue-itel-mpg202020.html
"itel 32"" Inches HD TV (A3240GE) - Black + 1 Year Warranty","₦ 86,900",4.6 out of 5,https://www.jumia.com.ng/itel-32-inches-hd-tv-a3240ge-black-1-year-warranty-89090905.html
"itel A04 6.3"" HD+ Screen, 2GB RAM + 32GB ROM, 4000mAh, 5MP Camera, 3G, Fingerprint & Face Unlock - Cyan +Free Case","₦ 56,750",4.2 out of 5,https://www.jumia.com.ng/itel-a04-6.3-hd-screen-2gb-ram-32gb-rom-4000mah-5mp-camera-3g-fingerprint-face-unlock-cyan-free-case-241113737.html
"itel 2 USB Port, 2A Faster Charger With Free Type-C Cable - Black","₦ 2,990",4.4 out of 5,https://www.jumia.com.ng/itel-2-usb-port-2a-faster-charger-with-free-type-c-cable-black-225348850.html
"itel A60 6.6"" HD+, 2GB RAM/32GB ROM Android 12 - Black","₦ 59,950",4.3 out of 5,https://www.jumia.com.ng/itel-a60-6.6-hd-2gb-ram32gb-rom-android-12-black-219939135.html
itel Solar Light System With FM Radio & 3pcs Super Bright Bulbs,"₦ 18,950",3.7 out of 5,https://www.jumia.com.ng/itel-solar-light-system-with-fm-radio-3pcs-super-bright-bulbs-257512257.html
"itel P40 Plus 6.6"", 128GB ROM + 4GB RAM, 7000mAh 18W, 13MP","₦ 106,990",4.3 out of 5,https://www.jumia.com.ng/itel-p40-plus-6.6-128gb-rom-4gb-ram-7000mah-18w-13mp-251240482.html
"itel A18 5.0"" 1GB RAM/32GB ROM Android 11 - Blue","₦ 47,250",3.8 out of 5,https://www.jumia.com.ng/a18-5.0-screen-32gb-rom-1gb-ram-2400mah-android-11-3g-itel-mpg1680112.html
"itel 800W Kitchen Blender, Crusher -12 Months Warranty + Gift","₦ 19,990",4.5 out of 5,https://www.jumia.com.ng/itel-800w-kitchen-blender-crusher-12-months-warranty-gift-188575397.html
itel NEW 20000mAh Dual Input & Dual Output (Fast Charging) Power Bank,"₦ 14,751",4.2 out of 5,https://www.jumia.com.ng/new-20000mah-dual-input-dual-output-fast-charging-power-bank-itel-mpg1713784.html
"itel 5626 2.8"" Screen, 2500mAh Battery, Triple SIM, Loudspeaker","₦ 19,499",4.4 out of 5,https://www.jumia.com.ng/itel-5626-2.8-screen-2500mah-battery-triple-sim-loudspeaker-127679423.html
itel LCD 1080P HDMI FHD TV/Movie Projector (Q1),"₦ 80,813",4.3 out of 5,https://www.jumia.com.ng/itel-lcd-1080p-hdmi-fhd-tvmovie-projector-q1-82287793.html
"itel 5626 2.8"" Screen 2500mAh Battery","₦ 19,990",4.6 out of 5,https://www.jumia.com.ng/itel-5626-2.8-screen-2500mah-battery-67720940.html
"itel P40 6.6"" 4GB RAM/64GB ROM Android 12 - Black","₦ 68,590",4.3 out of 5,https://www.jumia.com.ng/itel-p40-6.6-4gb-ram64gb-rom-android-12-black-237104317.html
itel 30000mAh Triple Input Fast Charging IPP-85 Power Bank,"₦ 24,120",4.3 out of 5,https://www.jumia.com.ng/itel-30000mah-triple-input-fast-charging-ipp-85-power-bank-219696055.html
"itel S23 6.6"" 128GB + 4GB RAM, 5000mAh  50MP  BLACK","₦ 99,998",4.7 out of 5,https://www.jumia.com.ng/itel-s23-6.6-128gb-4gb-ram-5000mah-50mp-black-252705137.html
itel 1.5 Litres (IBL30U1) Electric Blender - White,"₦ 19,000",4 out of 5,https://www.jumia.com.ng/itel-1.5-litres-ibl30u1-electric-blender-white-118809083.html
itel 19'' - 60'' Inches TV Hanger Mount Bracket,"₦ 7,500",4 out of 5,https://www.jumia.com.ng/itel-19-60-inches-tv-hanger-mount-bracket-203496873.html
"itel Pad 1 4G (P10001L) 10.1"" Screen, 4GB RAM + 128GB ROM, 6000mAh, Android 12, 5MP + 8MP Camera, 4G Tablet - Grey+ Free Case","₦ 136,990",4.5 out of 5,https://www.jumia.com.ng/itel-pad-1-4g-p10001l-10.1-screen-4gb-ram-128gb-rom-6000mah-android-12-5mp-8mp-camera-4g-tablet-grey-free-case-219939197.html
itel ISG-65 600W Portable Solar Generator,"₦ 329,750",4.2 out of 5,https://www.jumia.com.ng/itel-isg-65-600w-portable-solar-generator-254725386.html
"itel S18 6.6"" HD+, 64GB ROM + 2GB RAM (UpTo 4GB), 5000mAh, 4G LTE","₦ 59,990",5 out of 5,https://www.jumia.com.ng/s18-6.6-hd-64gb-rom-2gb-ram-upto-4gb-5000mah-4g-lte-itel-mpg1762523.html
"itel CIRCLE 1, HD Screen With 1.32inch Circular Screen Phone. Black","₦ 18,500",3.7 out of 5,https://www.jumia.com.ng/itel-circle-1-hd-screen-with-1.32inch-circular-screen-phone.-black-254107740.html
itel N53F Built-in FM Radio Sweatproof Bass Wireless Neckband,"₦ 6,450",4.6 out of 5,https://www.jumia.com.ng/itel-n53f-built-in-fm-radio-sweatproof-bass-wireless-neckband-119148419.html
"itel P40 Plus 6.6"" Screen, 128GB ROM + Up To 8GB RAM, 7000mAh 18W, 13MP Dual Camera, Android 13, 4G, Finger & Face ID - Cyan","₦ 106,990",5 out of 5,https://www.jumia.com.ng/itel-p40-plus-6.6-screen-128gb-rom-up-to-8gb-ram-7000mah-18w-13mp-dual-camera-android-13-4g-finger-face-id-cyan-251883764.html
"itel 5081 Triple SIM, Slim Body, Facebook Wireless FM Phone","₦ 12,990",5 out of 5,https://www.jumia.com.ng/itel-5081-triple-sim-slim-body-facebook-wireless-fm-phone-63505100.html
"itel A60 6.6"" HD+ Screen, 2GB RAM + 32GB ROM, 5000mAh, 4G LTE, 8MP + 5MP Camera, Fingerprint & Face Unlock - Black +Free Case","₦ 58,950",4.3 out of 5,https://www.jumia.com.ng/itel-a60-6.6-hd-screen-2gb-ram-32gb-rom-5000mah-4g-lte-8mp-5mp-camera-fingerprint-face-unlock-black-free-case-220450068.html
itel 30000mAh Fast Charging Super Speed Power Bank,"₦ 25,800",4 out of 5,https://www.jumia.com.ng/30000mah-triple-input-fast-charging-power-bank-itel-mpg1840651.html
itel 30000mAh Triple Input Fast Charging IPP-85 Power Bank,"₦ 26,540",5 out of 5,https://www.jumia.com.ng/itel-30000mah-triple-input-fast-charging-ipp-85-power-bank-253579284.html
itel IEP-21 Excellent Sound With Mic Wired Earphone,"₦ 1,990",4.8 out of 5,https://www.jumia.com.ng/itel-iep-21-excellent-sound-with-mic-wired-earphone-98309591.html
itel 20000MAH Power Bank Dual Output & Input Fast Charging,"₦ 13,499",4.8 out of 5,https://www.jumia.com.ng/20000mah-power-bank-dual-output-input-fast-charging-itel-mpg3705017.html
"itel 20000mAh Fast Charging, Bright Torch Power Bank + Free Fast Charger","₦ 13,998",4.3 out of 5,https://www.jumia.com.ng/itel-20000mah-fast-charging-bright-torch-power-bank-free-fast-charger-120982300.html
itel 30000mAh Triple Input Fast Charging IPP-85 Power Bank,"₦ 23,700",4.8 out of 5,https://www.jumia.com.ng/itel-30000mah-triple-input-fast-charging-ipp-85-power-bank-251619494.html
"itel It2163N,1.77 Screen,Opera Mini,BrightTorch,1000mAh Deep Blue","₦ 9,490",4.1 out of 5,https://www.jumia.com.ng/it21631.77-screenopera-mini-brighttorch1000mah-deep-blue-itel-mpg1657575.html
"itel A18 , 32GB ROM / 1GB RAM, 5.0 Inch, 2400mAH Battery, Blue","₦ 51,900",5 out of 5,https://www.jumia.com.ng/itel-a18-32gb-rom-1gb-ram-5.0-inch-2400mah-battery-blue-41564613.html
"itel A04 6.3"" HD+ Screen, 2GB RAM + 32GB ROM, 4000mAh, 5MP Camera, 3G, Fingerprint & Face Unlock - Violet +Free Case","₦ 61,650",4 out of 5,https://www.jumia.com.ng/itel-a04-6.3-hd-screen-2gb-ram-32gb-rom-4000mah-5mp-camera-3g-fingerprint-face-unlock-violet-free-case-241113742.html
itel 20000MAH Powerbank -long Lasting PowerBank,"₦ 13,500",No rateing data,https://www.jumia.com.ng/itel-20000mah-powerbank-long-lasting-powerbank-98305642.html
itel 32GB Compact Metal Body USB 2.0 Flash Drive,"₦ 3,850",No rateing data,https://www.jumia.com.ng/itel-32gb-compact-metal-body-usb-2.0-flash-drive-132811318.html
"itel 1.7 Litre Cordless Electric Kettle Jug1700Watts,","₦ 7,340",4 out of 5,https://www.jumia.com.ng/1.7-litre-cordless-electric-kettle-jug1700watts-itel-mpg3771152.html
itel 27000mAh Triple Input Fast Charging Power Bank + USB Light,"₦ 21,950",No rateing data,https://www.jumia.com.ng/itel-27000mah-triple-input-fast-charging-power-bank-usb-light-258819129.html
itel 2.1ch Sound Bar Wireless  Bluetooth Speaker-xe-sb560,"₦ 50,995",5 out of 5,https://www.jumia.com.ng/itel-2.1ch-sound-bar-wireless-bluetooth-speaker-xe-sb560-258646900.html
itel 4 Sockets Extension Box With 3 USB Ports - ISU-1421WU,"₦ 6,790",4.7 out of 5,https://www.jumia.com.ng/itel-4-sockets-extension-box-with-3-usb-ports-isu-1421wu-257927971.html
"itel It2160,1.77Screen,Rear Camera, Facebook,1000mAh,Black","₦ 10,700",3.8 out of 5,https://www.jumia.com.ng/itel-it21601.77screenrear-camera-facebook1000mahblack-63496744.html
"itel Pad 1 4G (P10001L) 10.1"" Screen, 4GB RAM + 128GB ROM, 6000mAh, Android 12, 5MP + 8MP Camera, 4G Tablet - Grey+ Free Case","₦ 136,850",1 out of 5,https://www.jumia.com.ng/itel-pad-1-4g-p10001l-10.1-screen-4gb-ram-128gb-rom-6000mah-android-12-5mp-8mp-camera-4g-tablet-grey-free-case-219939209.html
"itel 20000mAh Fast Charging, Bright Torch STAR 200 Power Bank","₦ 13,899 - ₦ 13,900",4 out of 5,https://www.jumia.com.ng/itel-20000mah-fast-charging-bright-torch-star-200-power-bank-132963658.html
"itel IT5081 Triple SIM, Slim Body, Opera Mini Phone","₦ 12,990",4.3 out of 5,https://www.jumia.com.ng/itel-it5081-triple-sim-slim-body-opera-mini-phone-35859837.html
itel 20000mAh Fast Charging Bright Torch STAR 200 Fast Power Bank,"₦ 12,760",5 out of 5,https://www.jumia.com.ng/itel-20000mah-fast-charging-bright-torch-star-200-fast-power-bank-193249001.html
"itel 20000mAh Fast Charging, Bright Torch Power Bank + Free Fast Charger","₦ 13,999",5 out of 5,https://www.jumia.com.ng/itel-20000mah-fast-charging-bright-torch-power-bank-free-fast-charger-137067024.html
itel Solid 20000mAh Super Fast Charging Power Bank + FREE USB,"₦ 15,830",No rateing data,https://www.jumia.com.ng/itel-solid-20000mah-super-fast-charging-power-bank-free-usb-258891244.html
itel Fast Charging30000mAh High Speed Input Power Bank,"₦ 25,700",4.5 out of 5,https://www.jumia.com.ng/itel-fast-charging30000mah-high-speed-input-power-bank-225402182.html
itel Tel 20000mAh Dual Output Fast Charging STAR 200 Power Bank,"₦ 18,989",No rateing data,https://www.jumia.com.ng/itel-tel-20000mah-dual-output-fast-charging-star-200-power-bank-95927162.html
itel Excellent Stereo Sound With Mic Wired Earpiece,"₦ 1,990",No rateing data,https://www.jumia.com.ng/itel-excellent-stereo-sound-with-mic-wired-earpiece-227108126.html
"itel A04 6.3"" HD+ Screen, 2GB RAM + 32GB ROM, 4000mAh, 5MP Camera","₦ 61,750",No rateing data,https://www.jumia.com.ng/a04-6.3-hd-screen-2gb-ram-32gb-rom-4000mah-5mp-camera-itel-mpg3521138.html
"itel 20000mAh Fast Charging, Bright Torch STAR 200 MOBILE Power Bank","₦ 12,490",No rateing data,https://www.jumia.com.ng/itel-20000mah-fast-charging-bright-torch-star-200-mobile-power-bank-257526010.html
itel 30000mAh Triple Input Fast Charging IPP-85 Power Bank,"₦ 24,990",3.6 out of 5,https://www.jumia.com.ng/itel-30000mah-triple-input-fast-charging-ipp-85-power-bank-253724847.html
"itel Circle 1 Circular Design, Round Screen Dual SIM Phone -Black","₦ 16,950",No rateing data,https://www.jumia.com.ng/itel-circle-1-circular-design-round-screen-dual-sim-phone-black-259216159.html
"itel Circle 1 Circular Design, Round Screen, Dual SIM Phone -Gold","₦ 16,950",2 out of 5,https://www.jumia.com.ng/itel-circle-1-circular-design-round-screen-dual-sim-phone-gold-259216100.html
itel 30000mAh Triple Input Fast Charging IPP-85 Power Bank,"₦ 25,500",No rateing data,https://www.jumia.com.ng/itel-30000mah-triple-input-fast-charging-ipp-85-power-bank-263141456.html
itel Bluetooth 5.0 HiFi Wire Free Earbuds With Touch Controls,"₦ 9,990",4.5 out of 5,https://www.jumia.com.ng/bluetooth-5.0-hifi-wire-free-earbuds-with-touch-controls-itel-mpg1819985.html
itel 20000mAh Dual Input & Dual Output Fast Charging Power Bank,"₦ 12,798",4.5 out of 5,https://www.jumia.com.ng/itel-20000mah-dual-input-dual-output-fast-charging-power-bank-108417995.html
itel 55 INCH  SMART  UHD TV- 4K + FREE WALL BRACKET,"₦ 375,000",4.3 out of 5,https://www.jumia.com.ng/itel-55-inch-smart-uhd-tv-4k-free-wall-bracket-20001327.html
"itel 43"" Inches LED Smart TV  + 1 Year Warranty","₦ 196,000",No rateing data,https://www.jumia.com.ng/itel-43-inches-led-smart-tv-1-year-warranty-265178141.html
itel 20000mAh Dual Input & Dual Output Fast Charging Power Bank,"₦ 13,995",No rateing data,https://www.jumia.com.ng/itel-20000mah-dual-input-dual-output-fast-charging-power-bank-126449023.html
"itel 2173 Wireless FM, Opera Mini, Torch, Dual SIM- Color: Blue","₦ 10,500",3.6 out of 5,https://www.jumia.com.ng/itel-2173-wireless-fm-opera-mini-torch-dual-sim-color-blue-66803229.html
itel 32GB Class10 MicroSD High Speed Memory Card +  Adapter,"₦ 3,990",4.5 out of 5,https://www.jumia.com.ng/itel-32gb-class10-microsd-high-speed-memory-card-adapter-132851854.html
itel 30000mAh Triple Input Fast Charging IPP-85 Power Bank,"₦ 34,999",No rateing data,https://www.jumia.com.ng/itel-30000mah-triple-input-fast-charging-ipp-85-power-bank-240938948.html
"itel 6350 2.8"" Big Screen, Super Slim, 1500mAh, Dual SIM - Blue","₦ 17,890",3 out of 5,https://www.jumia.com.ng/itel-6350-2.8-big-screen-super-slim-1500mah-dual-sim-blue-127679582.html
"itel It5606, 1.77 Screen, Feature Phone, Rear Camera, Dual SIM, 2500mAh -Dark Blue","₦ 13,599",5 out of 5,https://www.jumia.com.ng/itel-it5606-1.77-screen-feature-phone-rear-camera-dual-sim-2500mah-dark-blue-59209620.html
"itel Circle 1,1.32"" HD Circular Screen Phone- Black","₦ 17,500",5 out of 5,https://www.jumia.com.ng/itel-circle-11.32-hd-circular-screen-phone-black-251504095.html
"itel 10000mAh Fast Charging, Bright Torch STAR 100 Power Bank","₦ 14,000",No rateing data,https://www.jumia.com.ng/itel-10000mah-fast-charging-bright-torch-star-100-power-bank-242859959.html
itel 30000mAh Triple Fast Charging Power Bank + Free USB,"₦ 22,999",No rateing data,https://www.jumia.com.ng/itel-30000mah-triple-fast-charging-power-bank-free-usb-256099500.html
itel 1.7 Electric Kettle Jug 1700Watts - IKE17E1,"₦ 7,271",4 out of 5,https://www.jumia.com.ng/1.7-electric-kettle-jug-1700watts-ike17e1-itel-mpg3411939.html
"itel It5606, 1.77 Screen,Feature Phone,2500mAh Big Battery,Dual SIM Phone -Black","₦ 13,500",3.5 out of 5,https://www.jumia.com.ng/itel-it5606-1.77-screenfeature-phone2500mah-big-batterydual-sim-phone-black-34470615.html
itel S18 Pro Protective Flip Case(Black),"₦ 3,400",No rateing data,https://www.jumia.com.ng/itel-s18-pro-protective-flip-caseblack-236837239.html
itel 60000mahh 22.5w SuperCharge Power Bank With Lamp,"₦ 58,000",No rateing data,https://www.jumia.com.ng/itel-60000mahh-22.5w-supercharge-power-bank-with-lamp-254354622.html
itel 2500mAh BL-25BI Long Lasting Li-ion Rechargeable Battery,"₦ 4,450",5 out of 5,https://www.jumia.com.ng/itel-2500mah-bl-25bi-long-lasting-li-ion-rechargeable-battery-144750561.html
"itel 6350 2.8"" Screen, Smart Touch, 1500mAh Feature Phone - Black","₦ 17,890",1 out of 5,https://www.jumia.com.ng/itel-6350-2.8-screen-smart-touch-1500mah-feature-phone-black-84833742.html
itel 45000mAh Max Power Fast Charge PowerBank With Lamp,"₦ 39,980",No rateing data,https://www.jumia.com.ng/itel-45000mah-max-power-fast-charge-powerbank-with-lamp-257519730.html
"itel A70 (A665L) 3GB RAM + 128GB ROM 5000mAh, 8MP- Black","₦ 69,000",No rateing data,https://www.jumia.com.ng/itel-a70-a665l-3gb-ram-128gb-rom-5000mah-8mp-black-267747640.html
itel 5V 1A Efficient Charger With Free Micro USB Cable - Black,"₦ 1,990",4 out of 5,https://www.jumia.com.ng/itel-5v-1a-efficient-charger-with-free-micro-usb-cable-black-72600084.html
itel It5606 2500mAh Big Battery Wireless FM Dual SIM Phone -Black,"₦ 12,990",4.2 out of 5,https://www.jumia.com.ng/it5606-2500mah-big-battery-wireless-fm-facebook-dual-sim-phone-black-itel-mpg249137.html
itel 45000mah PotablePowerbank Largercapacity Fullcharge For1week,"₦ 28,880",No rateing data,https://www.jumia.com.ng/itel-45000mah-potablepowerbank-largercapacity-fullcharge-for1week-252999575.html
itel N53F Built-in FM Radio Strong Bass Wireless Neckband,"₦ 6,490",5 out of 5,https://www.jumia.com.ng/itel-n53f-built-in-fm-radio-strong-bass-wireless-neckband-119147075.html
itel 20000mAh Dual Input & Dual Output -(Fast Charging)Power Bank,"₦ 12,500 - ₦ 12,999",5 out of 5,https://www.jumia.com.ng/itel-20000mah-dual-input-dual-output-fast-chargingpower-bank-105720465.html
itel Super Slim10000mAh 2.1A Fast Charging Power Bank@promo Price,"₦ 16,980",4.2 out of 5,https://www.jumia.com.ng/itel-super-slim10000mah-2.1a-fast-charging-power-bankatpromo-price-98231407.html
"itel A04 6.3"" HD+ Screen, 2GB RAM + 32GB ROM, 4000mAh, 5MP Camera","₦ 61,750",3.5 out of 5,https://www.jumia.com.ng/a04-6.3-hd-screen-2gb-ram-32gb-rom-4000mah-5mp-camera-itel-mpg3790219.html
itel N53 Sweatproof Bass Wireless Neckband,"₦ 6,490",3.9 out of 5,https://www.jumia.com.ng/itel-n53-sweatproof-bass-wireless-neckband-98301801.html
"itel 20000mAh Fast Charging, Bright Torch STAR 200 Power Bank","₦ 14,800",5 out of 5,https://www.jumia.com.ng/20000mah-intelligent-multiple-output-powerbank-poolee-mpg2427471.html
itel T1 Neo Wireless Earbuds - White,"₦ 11,000",4.5 out of 5,https://www.jumia.com.ng/itel-t1-neo-wireless-earbuds-white-251123974.html
itel 45000 Mah Power Fast Charge Power Bank With Led Lamp + Free USB,"₦ 42,999",3.8 out of 5,https://www.jumia.com.ng/itel-45000-mah-power-fast-charge-power-bank-with-led-lamp-free-usb-251619405.html
itel NEW 2023 ITEL  Solar Light System With All Day FM/ BT/ETC,"₦ 22,000",No rateing data,https://www.jumia.com.ng/itel-new-2023-itel-solar-light-system-with-all-day-fm-btetc-255679424.html
itel BL-25BI 25000mAh Long Lasting Li-ion Replacement Battery,"₦ 3,699",No rateing data,https://www.jumia.com.ng/itel-bl-25bi-25000mah-long-lasting-li-ion-replacement-battery-255378022.html
"itel 2 USB Port, 2A Faster Charger With Free Type C Cable - Black","₦ 2,990",No rateing data,https://www.jumia.com.ng/itel-2-usb-port-2a-faster-charger-with-free-type-c-cable-black-239643664.html
"itel Circle 1,1.32"" HD Circular Screen Phone- Gold","₦ 17,500",5 out of 5,https://www.jumia.com.ng/circle-11.32-hd-circular-screen-phone-gold-itel-mpg3414564.html
itel Star 100C 10000mAh With 3 Built-in Cables Power-Bank,"₦ 12,990",4 out of 5,https://www.jumia.com.ng/itel-star-100c-10000mah-with-3-built-in-cables-power-bank-258370654.html
itel 10000mAh 2.1A Fast Charging Power Bank + Fast Charger,"₦ 12,390",4.6 out of 5,https://www.jumia.com.ng/itel-10000mah-2.1a-fast-charging-power-bank-fast-charger-133421526.html
"itel 2166, Opera Mini, Wireless FM, Bright Torchlight, Green","₦ 11,450",No rateing data,https://www.jumia.com.ng/itel-2166-opera-mini-wireless-fm-bright-torchlight-green-268216816.html
itel 30000mAh Triple Smart Input Fast Charging PowerBank,"₦ 23,990",No rateing data,https://www.jumia.com.ng/itel-30000mah-triple-smart-input-fast-charging-powerbank-253986858.html
"itel P40 6.6"" Screen, 64GB ROM + Up To 7GB RAM, 6000mAh 18W Charge, 13MP Dual Camera, Android 12, 4G, Finger & Face ID - Gold","₦ 79,990",No rateing data,https://www.jumia.com.ng/itel-p40-6.6-screen-64gb-rom-up-to-7gb-ram-6000mah-18w-charge-13mp-dual-camera-android-12-4g-finger-face-id-gold-237710597.html
"itel Itel2160 Torchlight, Cheapest Small Button Phones For Cheap","₦ 13,930",5 out of 5,https://www.jumia.com.ng/itel-itel2160-torchlight-cheapest-small-button-phones-for-cheap-97429132.html
itel 30000mAh Triple Input Fast Charging MOBILE Power Bank+ FREE CHARGER,"₦ 24,990",No rateing data,https://www.jumia.com.ng/itel-30000mah-triple-input-fast-charging-mobile-power-bank-free-charger-257523043.html
"itel 2 USB Port, 2.4A Faster Charger With Free Fast Cable - Black","₦ 3,900",3.9 out of 5,https://www.jumia.com.ng/itel-2-usb-port-2.4a-faster-charger-with-free-fast-cable-black-135823140.html
"itel It2163N,1.77 Screen,Opera Mini,BrightTorch,1000mAh_black","₦ 9,580",No rateing data,https://www.jumia.com.ng/itel-it2163n1.77-screenopera-minibrighttorch1000mahblack-262517149.html
"itel 3A Faster Charging, Extra Durable Braided USB Type-C Cable","₦ 1,950",4.5 out of 5,https://www.jumia.com.ng/itel-3a-faster-charging-extra-durable-braided-usb-type-c-cable-248666959.html
itel T1 Neo Wireless Earbuds,"₦ 18,990",No rateing data,https://www.jumia.com.ng/itel-t1-neo-wireless-earbuds-253487303.html
"itel It5626, 2.8"" Inch,3 SIM Cards, 2500mah Battery, - Dark Green","₦ 20,499",No rateing data,https://www.jumia.com.ng/itel-it5626-2.8-inch3-sim-cards-2500mah-battery-dark-green-71120039.html
itel 30000mAh Triple Input Fast Charging Power Bank,"₦ 23,500",4 out of 5,https://www.jumia.com.ng/itel-30000mah-triple-input-fast-charging-power-bank-257239092.html
itel 30000mAh Triple Input Fast Charging PowerBank,"₦ 23,500",No rateing data,https://www.jumia.com.ng/itel-30000mah-triple-input-fast-charging-powerbank-257567527.html
itel Mini Size Efficient Charger + Free 1m Micro USB Cable -Black,"₦ 3,900",No rateing data,https://www.jumia.com.ng/itel-mini-size-efficient-charger-free-1m-micro-usb-cable-black-139589625.html
itel 30000mAh Triple Fast Charging IPP-85 Power Bank + Free USB,"₦ 25,700",4.4 out of 5,https://www.jumia.com.ng/itel-30000mah-triple-fast-charging-ipp-85-power-bank-free-usb-251619502.html
itel P37pro Protective Flip Case,"₦ 3,000",No rateing data,https://www.jumia.com.ng/itel-p37pro-protective-flip-case-179081886.html
itel 2 Litres (IBL80E1) Industrial Kitchen Blender - Black,"₦ 19,990",3.3 out of 5,https://www.jumia.com.ng/2-litres-ibl80e1-industrial-kitchen-blender-black-itel-mpg2578493.html
itel It2163 1.8'' Dual SIM Phone - Black,"₦ 9,450",3 out of 5,https://www.jumia.com.ng/itel-it2163-1.8-dual-sim-phone-black-84833759.html
"itel 20000mAh, Bright Touch,Fast Charging Power Bank","₦ 13,299",4.5 out of 5,https://www.jumia.com.ng/20000mah-fast-charging-bright-torch-power-bank-itel-mpg3519144.html
itel Excellent Sound Wired Earpiece With Microphone,"₦ 2,150",4.5 out of 5,https://www.jumia.com.ng/itel-excellent-sound-wired-earpiece-with-microphone-98309593.html
"itel 20000mAh Fast Charging, Bright Torch STAR 200 Power Bank","₦ 17,500",No rateing data,https://www.jumia.com.ng/itel-20000mah-fast-charging-bright-torch-star-200-power-bank-263633606.html
"itel Pad 1 4G (P10001L) 10.1"" Screen, 128GB ROM + 4GB RAM, 6000mAh, Android 12, 5MP + 8MP Camera, 4G Tablet - Grey","₦ 149,999",No rateing data,https://www.jumia.com.ng/itel-pad-1-4g-p10001l-10.1-screen-128gb-rom-4gb-ram-6000mah-android-12-5mp-8mp-camera-4g-tablet-grey-227351754.html
itel T1 Neo True Wireless Stereo Earbuds With Touch Controls,"₦ 12,000",No rateing data,https://www.jumia.com.ng/itel-t1-neo-true-wireless-stereo-earbuds-with-touch-controls-257414851.html
"itel 5081 Triple SIM, Slim Body, Facebook, Wireless, BLACK","₦ 18,600",4 out of 5,https://www.jumia.com.ng/itel-5081-triple-sim-slim-body-facebook-wireless-black-141659238.html
itel 6 Sockets Extension Box,"₦ 10,500",No rateing data,https://www.jumia.com.ng/itel-6-sockets-extension-box-263271369.html
itel Fast Charging 20000 MAh Star 200 Power Bank,"₦ 18,999",5 out of 5,https://www.jumia.com.ng/itel-fast-charging-20000-mah-star-200-power-bank-229095523.html
itel BT5.0 Super Bass Touch Control Earbuds,"₦ 8,750",4 out of 5,https://www.jumia.com.ng/itel-bt5.0-super-bass-touch-control-earbuds-125227454.html
itel Solid 20000mAh Super Fast Charging Power Bank + FREE USB,"₦ 15,830",5 out of 5,https://www.jumia.com.ng/itel-solid-20000mah-super-fast-charging-power-bank-free-usb-258891252.html
itel 45000mah PotablePowerbank Largercapacity Fullcharge For1week,"₦ 35,480",No rateing data,https://www.jumia.com.ng/itel-45000mah-potablepowerbank-largercapacity-fullcharge-for1week-252999576.html
"itel It 5606 2500mAh Big Battery, Wireless FM Phone - Black","₦ 12,990",4.2 out of 5,https://www.jumia.com.ng/it-5606-2500mah-big-battery-wireless-fm-facebook-feature-phone-black-itel-mpg255029.html
itel Genuine A32F / A16 / A23 Replacement Battery,"₦ 6,000",No rateing data,https://www.jumia.com.ng/itel-genuine-a32f-a16-a23-replacement-battery-87052472.html
itel 30000mAh Triple Input Fast Charging PowerBank,"₦ 23,990",5 out of 5,https://www.jumia.com.ng/itel-30000mah-triple-input-fast-charging-powerbank-253986685.html
itel 45000 Mah High Speed Fast Charge Power Bank +Free USB,"₦ 42,999",5 out of 5,https://www.jumia.com.ng/itel-45000-mah-high-speed-fast-charge-power-bank-free-usb-251619409.html
itel 20000mAh Dual Output Fast Charging STAR 200 Power Bank,"₦ 13,890",4.4 out of 5,https://www.jumia.com.ng/itel-20000mah-dual-output-fast-charging-star-200-power-bank-207755276.html
itel Excellent Sound Wired Earpiece,"₦ 1,950",5 out of 5,https://www.jumia.com.ng/itel-excellent-sound-wired-earpiece-98309592.html
itel 15.5W Dual Output Fast Car Charger With Free Cable,"₦ 2,750",No rateing data,https://www.jumia.com.ng/itel-15.5w-dual-output-fast-car-charger-with-free-cable-222233906.html
itel 20000mAh Power Bank With Torch + Stereo Bass Earbuds Combo,"₦ 20,990",4.1 out of 5,https://www.jumia.com.ng/20000mah-power-bank-with-torch-stereo-earbuds-combo-itel-mpg3372282.html
"itel 5606, Battery 2500 MAH Wireless FM, Dual SIM  -  City Blue","₦ 13,650",4.4 out of 5,https://www.jumia.com.ng/itel-5606-battery-2500-mah-wireless-fm-dual-sim-city-blue-41422344.html
itel Dual USB Port Fast Charger + Free Cable - Black,"₦ 4,900",No rateing data,https://www.jumia.com.ng/itel-dual-usb-port-fast-charger-free-cable-black-243327688.html
"itel 20000mAh Fast Charging, Bright Torch Power Bank+Free Charger","₦ 13,878",4.1 out of 5,https://www.jumia.com.ng/itel-20000mah-fast-charging-bright-torch-power-bankfree-charger-114090305.html
itel 3pcs C22N Extra Durable Braided USB Type-C Cable,"₦ 2,990",No rateing data,https://www.jumia.com.ng/itel-3pcs-c22n-extra-durable-braided-usb-type-c-cable-253770422.html
"itel 20000mAh Fast Charging, Bright Torch Power Bank + Free Fast Charger","₦ 13,995",4.6 out of 5,https://www.jumia.com.ng/20000mah-fast-charging-bright-torch-power-bank-free-fast-charger-itel-mpg3519148.html
"itel 5626 2.8"" Screen, 2500mAh, Triple SIM, Loudspeaker - Green","₦ 20,450",5 out of 5,https://www.jumia.com.ng/itel-5626-2.8-screen-2500mah-triple-sim-loudspeaker-green-127679428.html
itel 30000mAh  Fast Charging Power Bank + Fas Type-C Charger,"₦ 25,000",3 out of 5,https://www.jumia.com.ng/itel-30000mah-fast-charging-power-bank-fas-type-c-charger-257567211.html
itel It2163 1.8'' Dual SIM  - Blue,"₦ 9,450",3 out of 5,https://www.jumia.com.ng/itel-it2163-1.8-dual-sim-blue-84833739.html
itel 20000mAh Dual Input & Dual Output Fast Charging Power Bank,"₦ 12,490",No rateing data,https://www.jumia.com.ng/itel-20000mah-dual-input-dual-output-fast-charging-power-bank-126448169.html
itel IEP-24 Deepest Bass Wired Earphone,"₦ 1,990",5 out of 5,https://www.jumia.com.ng/itel-iep-24-deepest-bass-wired-earphone-98309598.html
"itel 2 USB Port, 2A Faster Charger With Free Type-C Cable - Black","₦ 2,750",4.5 out of 5,https://www.jumia.com.ng/itel-2-usb-port-2a-faster-charger-with-free-type-c-cable-black-225348886.html
"itel 3A Faster Charging, Extra Durable USB Type-C Data Cable","₦ 1,850",3.3 out of 5,https://www.jumia.com.ng/itel-3a-faster-charging-extra-durable-usb-type-c-data-cable-175629156.html
itel IEB-62 HD Sound Neckband Wireless Earphone,"₦ 7,390",4 out of 5,https://www.jumia.com.ng/itel-ieb-62-hd-sound-neckband-wireless-earphone-73248756.html
"itel 2 USB Port, 2.4A Faster Charger With Free Fast Cable - White","₦ 3,900",No rateing data,https://www.jumia.com.ng/itel-2-usb-port-2.4a-faster-charger-with-free-fast-cable-white-142749906.html
itel 18W Dual Port Fast Car Charger & MP3 FM Transmitter,"₦ 5,290",2 out of 5,https://www.jumia.com.ng/itel-18w-dual-port-fast-car-charger-mp3-fm-transmitter-183918995.html
itel 45000 Mah Max Power 450PF Fast Charge Power Bank + Lamp,"₦ 42,999",2 out of 5,https://www.jumia.com.ng/itel-45000-mah-max-power-450pf-fast-charge-power-bank-lamp-251619401.html
"itel 5606 Dual Sim, 2500mAh Battery, Wireless FM, Facebook, - Dark Blue","₦ 13,599",4 out of 5,https://www.jumia.com.ng/5606-dual-sim-2500mah-battery-wireless-fm-facebook-dark-blue-itel-mpg2352540.html
itel T1 True Wireless Half In-Ear Earbuds,"₦ 11,500",No rateing data,https://www.jumia.com.ng/itel-t1-true-wireless-half-in-ear-earbuds-229491520.html
itel 20000mAh Dual Output Fast Charging Power Bank,"₦ 16,999",No rateing data,https://www.jumia.com.ng/star-200-20000mah-dual-output-input-power-bank-itel-mpg3222260.html
itel X21 2 In 1 Type C & Micro USB 1 Metre Charging Cable,"₦ 1,990",No rateing data,https://www.jumia.com.ng/itel-x21-2-in-1-type-c-micro-usb-1-metre-charging-cable-259761466.html
itel 60000mahh 22.5w SuperCharge Power Bank With Lamp,"₦ 58,000",5 out of 5,https://www.jumia.com.ng/itel-60000mahh-22.5w-supercharge-power-bank-with-lamp-254221877.html
"itel It 5606 2500mAh Big Battery,FM, Facebook, Dual SIM - Black","₦ 13,100",2.7 out of 5,https://www.jumia.com.ng/itel-it-5606-2500mah-big-batteryfm-facebook-dual-sim-black-33000891.html
itel 45000mAh Max Power Fast Charge  MOBILE PowerBank With Lamp,"₦ 39,890",No rateing data,https://www.jumia.com.ng/itel-45000mah-max-power-fast-charge-mobile-powerbank-with-lamp-257520116.html
"itel 5081 Triple SIM, Slim Body, Facebook, Wireless, Deep Blue","₦ 12,950",4.3 out of 5,https://www.jumia.com.ng/itel-5081-triple-sim-slim-body-facebook-wireless-deep-blue-70157814.html
itel S23+ 256GB ROM + 8GB RAM Android 12 -CYAN,"₦ 225,000",No rateing data,https://www.jumia.com.ng/s23-256gb-rom-8gb-ram-android-12-cyan-itel-mpg3790216.html
itel T1 Super Bass Touch Control Bluetooth 5.0 Wireless Earbuds,"₦ 8,990",No rateing data,https://www.jumia.com.ng/itel-t1-super-bass-touch-control-bluetooth-5.0-wireless-earbuds-125227527.html
"itel 6,0000mah Smart Fast Charging Digital Power Bank -2 Inputs","₦ 144,990",4 out of 5,https://www.jumia.com.ng/itel-60000mah-smart-fast-charging-digital-power-bank-2-inputs-251716883.html
itel T1 Neo True Wireless Stereo Earbuds With Touch Controls,"₦ 11,000",No rateing data,https://www.jumia.com.ng/itel-t1-neo-true-wireless-stereo-earbuds-with-touch-controls-251512449.html
itel Super StrongBass Wireless Over-Ear Headphone,"₦ 10,500",5 out of 5,https://www.jumia.com.ng/itel-super-strongbass-wireless-over-ear-headphone-160793149.html
itel N53F Built-in FM Radio Sweatproof Bass Wireless Neckband,"₦ 8,000",No rateing data,https://www.jumia.com.ng/itel-n53f-built-in-fm-radio-sweatproof-bass-wireless-neckband-123801195.html
"itel It 5606 2500mAh Big Battery, FM, Facebook,City Blue","₦ 13,250",No rateing data,https://www.jumia.com.ng/itel-it-5606-2500mah-big-battery-fm-facebookcity-blue-262516260.html
itel Genuine A32F / A16 / A23 Replacement Battery,"₦ 4,990",No rateing data,https://www.jumia.com.ng/itel-genuine-a32f-a16-a23-replacement-battery-82876538.html
itel 4 Sockets Extension Box With 3 USB Ports Power Strip,"₦ 6,590",No rateing data,https://www.jumia.com.ng/itel-4-sockets-extension-box-with-3-usb-ports-power-strip-257927996.html
"itel A18 5.0"" Screen, 32GB ROM + 1GB RAM, 2400mAh, Android 11, 3G","₦ 53,500",No rateing data,https://www.jumia.com.ng/itel-a18-5.0-screen-32gb-rom-1gb-ram-2400mah-android-11-3g-253816260.html
"itel 20000mAh Fast Charging,Torch Power Bank + Free Fast Charger","₦ 13,770",4.1 out of 5,https://www.jumia.com.ng/itel-20000mah-fast-chargingtorch-power-bank-free-fast-charger-202791463.html
"itel 2160 Wireless FM, Bright Torch, Call Recorder, Dual SIM Mobile - Blue","₦ 10,950",4 out of 5,https://www.jumia.com.ng/2160-wireless-fm-bright-torch-call-recorder-dual-sim-mobile-blue-itel-mpg202018.html
"itel A18  5.0"" 32GB ROM + 1GB RAM, 2400mAh,3G-Black","₦ 54,800",No rateing data,https://www.jumia.com.ng/itel-a18-5.0-32gb-rom-1gb-ram-2400mah3g-black-268121171.html
itel Super Slim 10000mAh 2.1A Fast Charging Power Bank,"₦ 9,990",No rateing data,https://www.jumia.com.ng/itel-super-slim-10000mah-2.1a-fast-charging-power-bank-257525347.html
itel 20000mAh Dual Input Fast Charging Power Bank,"₦ 15,990",No rateing data,https://www.jumia.com.ng/itel-20000mah-dual-input-fast-charging-power-bank-76652505.html
itel A18 Protective Leather Flip Case (Black),"₦ 3,000",No rateing data,https://www.jumia.com.ng/itel-a18-protective-leather-flip-case-black-251245874.html
"itel 55"" Inches UHD 4K SMART TV  - Black + 1 Year Warranty","₦ 299,000",No rateing data,https://www.jumia.com.ng/itel-55-inches-uhd-4k-smart-tv-black-1-year-warranty-264161300.html
itel P38  Leather Flip Case (Black),"₦ 3,000",No rateing data,https://www.jumia.com.ng/itel-p38-leather-flip-case-black-253579468.html
"itel 20000mAh Fast Charging, Bright Torch Power Bank + Free Fast Charger","₦ 15,990",4.2 out of 5,https://www.jumia.com.ng/itel-20000mah-fast-charging-bright-torch-power-bank-free-fast-charger-202791399.html
itel Lightning Braided Fibre IPhone USB Cable - L22N,"₦ 1,990",No rateing data,https://www.jumia.com.ng/itel-lightning-braided-fibre-iphone-usb-cable-l22n-195095354.html
itel Fast Charging 20000 MAh Star 200 Power Bank,"₦ 18,000",5 out of 5,https://www.jumia.com.ng/fast-charging-20000-mah-star-200-power-bank-itel-mpg1743679.html
itel 30000mAh Triple Fast Charging Power Bank + Free USB,"₦ 23,995",5 out of 5,https://www.jumia.com.ng/itel-30000mah-triple-fast-charging-power-bank-free-usb-255383083.html
itel T1 Neo True Wireless Stereo Earbuds With Touch Controls,"₦ 11,000",No rateing data,https://www.jumia.com.ng/itel-t1-neo-true-wireless-stereo-earbuds-with-touch-controls-251512435.html
"itel 5615 Triple SIM, 2500mAh Big Battery, Wireless FM, Opera Mini - Blue","₦ 17,990",4.3 out of 5,https://www.jumia.com.ng/itel-5615-triple-sim-2500mah-big-battery-wireless-fm-opera-mini-blue-35806964.html
"itel 45,000mAh Max Power 15W Fast Charge Power Bank With LED LIGHT","₦ 39,495",No rateing data,https://www.jumia.com.ng/itel-45000mah-max-power-15w-fast-charge-power-bank-with-led-light-257003739.html
itel T1 Neo Touch Control BT5.1 Wireless Stereo Earbuds -,"₦ 15,999",4 out of 5,https://www.jumia.com.ng/itel-t1-neo-touch-control-bt5.1-wireless-stereo-earbuds-222144009.html
itel Bluetooth Sound Bar Speaker,"₦ 50,000",No rateing data,https://www.jumia.com.ng/itel-bluetooth-sound-bar-speaker-241540761.html
"itel Max Power 60000 PD/QC3.0 Four Output, Four Input Power Bank With Led Light","₦ 58,000",No rateing data,https://www.jumia.com.ng/itel-max-power-60000-pdqc3.0-four-output-four-input-power-bank-with-led-light-253716701.html
itel T1 Neo True Wireless Stereo Earbuds With Touch Controls,"₦ 12,000",5 out of 5,https://www.jumia.com.ng/itel-t1-neo-true-wireless-stereo-earbuds-with-touch-controls-251147513.html
itel 30000mAh Fast Charging Super Speed Power Bank,"₦ 28,500",No rateing data,https://www.jumia.com.ng/30000mah-fast-charging-super-speed-power-bank-itel-mpg1927459.html
itel 2.1ch Sound Bar Wireless Bluetooth Speaker-xe-sb560,"₦ 49,999",No rateing data,https://www.jumia.com.ng/itel-2.1ch-sound-bar-wireless-bluetooth-speaker-xe-sb560-263015422.html
"itel It5626, 2.8"" Inch,3 SIM Cards, 2500mah Battery, - Dark Green","₦ 21,500",4 out of 5,https://www.jumia.com.ng/itel-it5626-2.8-inch3-sim-cards-2500mah-battery-dark-green-79477651.html
itel ITW-60 Bluetooth 5.0 HiFi Earbuds With Touch Controls,"₦ 9,990",3.5 out of 5,https://www.jumia.com.ng/itel-itw-60-bluetooth-5.0-hifi-earbuds-with-touch-controls-78882940.html
itel 5 Sockets 3 Metre Cord Extension Power Strip With USB Ports,"₦ 6,950",3 out of 5,https://www.jumia.com.ng/itel-5-sockets-3-metre-cord-extension-power-strip-with-usb-ports-250188626.html
itel 20000mAh Dual Input & Dual Output Fast Charging Power Bank,"₦ 13,995",5 out of 5,https://www.jumia.com.ng/itel-20000mah-dual-input-dual-output-fast-charging-power-bank-126449015.html
itel S9  Bluetooth Earphone,"₦ 10,999",No rateing data,https://www.jumia.com.ng/itel-s9-bluetooth-earphone-264012161.html
"itel 5615 Triple SIM, 2500mAh Big Battery, Wireless FM, Opera Mini - Black","₦ 17,990",4 out of 5,https://www.jumia.com.ng/itel-5615-triple-sim-2500mah-big-battery-wireless-fm-opera-mini-black-35806965.html
"itel 55'' UHD 4K Smart Android TV+ Netflix,Youtube,","₦ 299,000",4.5 out of 5,https://www.jumia.com.ng/itel-55-uhd-4k-smart-android-tv-netflixyoutube-216411195.html
"itel New Itel 2 USB Port, 2A Faster Charger Free Type-C Cable","₦ 8,500",No rateing data,https://www.jumia.com.ng/itel-new-itel-2-usb-port-2a-faster-charger-free-type-c-cable-253055898.html
"itel P40 PLUS-6.8""HD+-128/4GBRAM-13/8MP-4G LTE-7000MAH/18W-CYAN","₦ 107,000",No rateing data,https://www.jumia.com.ng/itel-p40-plus-6.8hd-1284gbram-138mp-4g-lte-7000mah18w-cyan-268022960.html
itel 5606 2500mAh Big Battery Dual SIM Phone -Blue,"₦ 12,990",4.3 out of 5,https://www.jumia.com.ng/5606-2500mah-big-battery-dual-sim-phone-blue-itel-mpg241327.html
"itel It5606, 1.77 Screen,Feature Phone,2500mAh Big Battery,Dual SIM Phone -City Blues","₦ 13,000",4.3 out of 5,https://www.jumia.com.ng/itel-it5606-1.77-screenfeature-phone2500mah-big-batterydual-sim-phone-city-blues-34470486.html
itel S18 Protective Leather Flip Case (Black),"₦ 3,200",3 out of 5,https://www.jumia.com.ng/itel-s18-protective-leather-flip-case-black-236837054.html
"itel P38 Pro 6.8""HD+-64/2GB RAM-13MP-FACE UNLOCK-6000mAh-BLUE","₦ 71,000",No rateing data,https://www.jumia.com.ng/itel-p38-pro-6.8hd-642gb-ram-13mp-face-unlock-6000mah-blue-268023393.html
itel 60000mahh 22.5w SuperCharge Power Bank With Lamp,"₦ 58,000",No rateing data,https://www.jumia.com.ng/itel-60000mahh-22.5w-supercharge-power-bank-with-lamp-254221866.html
itel 4 Sockets Extension Box (ISU-1422W) -White,"₦ 5,440",No rateing data,https://www.jumia.com.ng/itel-4-sockets-extension-box-isu-1422w-white-257132789.html
itel 32inch HD LED TV,"₦ 82,950",No rateing data,https://www.jumia.com.ng/itel-32inch-hd-led-tv-73162098.html
itel Bluetooth Soundbar With Wired Subwoofer,"₦ 65,950",No rateing data,https://www.jumia.com.ng/itel-bluetooth-soundbar-with-wired-subwoofer-244361676.html
itel Dual USB Port 2A Fast Charger + Free Cable - Black,"₦ 3,900",No rateing data,https://www.jumia.com.ng/itel-dual-usb-port-2a-fast-charger-free-cable-black-142750932.html
"itel 2.1A  Extra Durable, Extra Strong Fast Charging IPhone Cable","₦ 1,990",5 out of 5,https://www.jumia.com.ng/itel-2.1a-extra-durable-extra-strong-fast-charging-iphone-cable-105291753.html
"itel It 5606 2500mAh Big Battery, FM, Facebook,Black","₦ 13,250",No rateing data,https://www.jumia.com.ng/itel-it-5606-2500mah-big-battery-fm-facebookblack-262516305.html
itel T1 Neo Wireless Earbuds - Black,"₦ 11,000",4.5 out of 5,https://www.jumia.com.ng/itel-t1-neo-wireless-earbuds-black-249311918.html
"itel 20000mAh Fast Charging, Bright Torch STAR 200 Power Bank","₦ 13,600",No rateing data,https://www.jumia.com.ng/itel-20000mah-fast-charging-bright-torch-star-200-power-bank-252591526.html
itel 10000MAh Star100 Fast Charging Powerbank - Black@ Promo  Price,"₦ 9,990",4.5 out of 5,https://www.jumia.com.ng/itel-10000mah-star100-fast-charging-powerbank-blackat-promo-price-202791500.html
itel Genuine Battery For S15,"₦ 6,000",5 out of 5,https://www.jumia.com.ng/itel-genuine-battery-for-s15-87052484.html
itel 5 Sockets Extension Box With 3 USB Ports (ISU-1521WU),"₦ 8,000",No rateing data,https://www.jumia.com.ng/itel-5-sockets-extension-box-with-3-usb-ports-isu-1521wu-251125492.html
"itel 17"" Inches HD LED TV (A19S175)  - Black + 1 Year Warranty","₦ 52,200",5 out of 5,https://www.jumia.com.ng/itel-17-inches-hd-led-tv-a19s175-black-1-year-warranty-159380827.html
itel 15000mAh Dual Output Fast Charging Power Bank,"₦ 12,000",No rateing data,https://www.jumia.com.ng/15000mah-dual-output-fast-charging-power-bank-itel-mpg1927449.html
itel 30000mAh Triple Input Fast Charging MOBILE Power Bank,"₦ 23,990",No rateing data,https://www.jumia.com.ng/itel-30000mah-triple-input-fast-charging-mobile-power-bank-257522551.html
"itel S18 6.6"", 64GB ROM + 2GB RAM (UpTo 4GB), 5000mAh, 4G - Green","₦ 79,999",No rateing data,https://www.jumia.com.ng/s18-6.6-64gb-rom-2gb-ram-upto-4gb-5000mah-4g-green-itel-mpg1680130.html
itel T1 Neo True Wireless Stereo Earbuds With Touch Controls,"₦ 11,000",No rateing data,https://www.jumia.com.ng/itel-t1-neo-true-wireless-stereo-earbuds-with-touch-controls-251512189.html
"itel 2173 Wireless FM, Opera Mini, Torch, Dual SIM- Color: Black","₦ 10,790",4 out of 5,https://www.jumia.com.ng/itel-2173-wireless-fm-opera-mini-torch-dual-sim-color-black-66803236.html
itel 2-in-1 Type C And Micro USB 1 Metre Cable - ICD-X21,"₦ 1,990",No rateing data,https://www.jumia.com.ng/itel-2-in-1-type-c-and-micro-usb-1-metre-cable-icd-x21-259760376.html
itel 15000mAh Dual Output Fast Charging Power Bank,"₦ 12,299",No rateing data,https://www.jumia.com.ng/itel-15000mah-dual-output-fast-charging-power-bank-257524891.html
itel T1 Neo Wireless Earbuds,"₦ 16,990",No rateing data,https://www.jumia.com.ng/itel-t1-neo-wireless-earbuds-253487139.html
itel A60s (128GB ROM + Up To 8GB RAM) 5000mAh 4G Black,"₦ 98,000",No rateing data,https://www.jumia.com.ng/itel-a60s-128gb-rom-up-to-8gb-ram-5000mah-4g-black-268263736.html
itel STAR 150 15000mAh Faster Charging Durable Power Bank,"₦ 16,999",No rateing data,https://www.jumia.com.ng/itel-star-150-15000mah-faster-charging-durable-power-bank-254154272.html
itel 30000mAh Triple Input Fast Charging IPP-85 Power Bank,"₦ 23,990",No rateing data,https://www.jumia.com.ng/itel-30000mah-triple-input-fast-charging-ipp-85-power-bank-257522159.html
itel 3PCS 2.1A Fast Charging Superior Durability Micro USB Cable,"₦ 4,900",4.8 out of 5,https://www.jumia.com.ng/itel-3pcs-2.1a-fast-charging-superior-durability-micro-usb-cable-135468289.html
itel 2160,"₦ 12,000",No rateing data,https://www.jumia.com.ng/itel-2160-230265965.html
itel T1 Neo Wireless Earbuds - White,"₦ 11,000",No rateing data,https://www.jumia.com.ng/itel-t1-neo-wireless-earbuds-white-249539192.html
itel A56 Protective Flip Case,"₦ 3,100",5 out of 5,https://www.jumia.com.ng/itel-a56-protective-flip-case-236838127.html
"itel STAR 200, 20000mAh Power Bank","₦ 12,999",5 out of 5,https://www.jumia.com.ng/itel-star-200-20000mah-power-bank-142749614.html
"itel 6350 2.8"" Screen, Smart Touch, 1500mAh Feature Phone - Black","₦ 17,890",No rateing data,https://www.jumia.com.ng/itel-6350-2.8-screen-smart-touch-1500mah-feature-phone-black-127679559.html
itel 10000MAh Star100 Fast Charging Powerbank - Black,"₦ 11,000",No rateing data,https://www.jumia.com.ng/itel-10000mah-star100-fast-charging-powerbank-black-253276680.html
itel E11 Stereo Sound Stylish Design Earphone,"₦ 1,950",5 out of 5,https://www.jumia.com.ng/itel-e11-stereo-sound-stylish-design-earphone-216691580.html
"itel 5606 - Big Battery, Wireless FM,  Dual SIM Phone - City Blue","₦ 13,850",4 out of 5,https://www.jumia.com.ng/itel-5606-big-battery-wireless-fm-dual-sim-phone-city-blue-45693741.html
itel 15000mAh Dual Output Fast Charging Power Bank,"₦ 12,999",No rateing data,https://www.jumia.com.ng/itel-15000mah-dual-output-fast-charging-power-bank-261412476.html
itel 32inch Super HD LED TV,"₦ 82,850",5 out of 5,https://www.jumia.com.ng/itel-32inch-super-hd-led-tv-244103296.html
itel A58 Lite Protective Flip Case(Black),"₦ 3,000",No rateing data,https://www.jumia.com.ng/itel-a58-lite-protective-flip-caseblack-211716615.html
itel Flip 1 2.4'' 1200mAh 8MB+8MB Fold Phone-Blue,"₦ 25,399",No rateing data,https://www.jumia.com.ng/itel-flip-1-2.4-1200mah-8mb8mb-fold-phone-blue-268439717.html
itel 32 ANDROID FHD SMART TELEVISION,"₦ 155,000",No rateing data,https://www.jumia.com.ng/itel-32-android-fhd-smart-television-217167718.html
"itel 2 USB Port, 2.4A Faster Charger With Free Fast Cable - White","₦ 5,580",5 out of 5,https://www.jumia.com.ng/itel-2-usb-port-2.4a-faster-charger-with-free-fast-cable-white-96735997.html
"itel 6350 2.8"" Big Screen, Super Slim, 1500mAh, Dual SIM - Blue","₦ 15,800",3 out of 5,https://www.jumia.com.ng/itel-6350-2.8-big-screen-super-slim-1500mah-dual-sim-blue-268220470.html
"itel 2160 Wireless FM, Bright Torch, Call Recorder, Dual SIM Mobile - Black","₦ 10,900",4.9 out of 5,https://www.jumia.com.ng/itel-2160-wireless-fm-bright-torch-call-recorder-dual-sim-mobile-black-33000945.html
itel Dual USB Port 2.4A Faster Charger + Free Cable - White,"₦ 5,990",No rateing data,https://www.jumia.com.ng/itel-dual-usb-port-2.4a-faster-charger-free-cable-white-135470093.html
itel Lightning Braided Fibre USB Cable - 3pcs,"₦ 2,990",5 out of 5,https://www.jumia.com.ng/itel-lightning-braided-fibre-usb-cable-3pcs-195096494.html
itel K9 Powerful Sound With Mic Deeper Bass Earpiece,"₦ 2,375",No rateing data,https://www.jumia.com.ng/itel-k9-powerful-sound-with-mic-deeper-bass-earpiece-249902658.html
"itel Max Power 600PF PD/QC3.0 Four Output, Four Input Power Bank With Lamp","₦ 54,990",4 out of 5,https://www.jumia.com.ng/max-power-600pf-pdqc3.0-four-output-four-input-power-bank-with-lamp-itel-mpg1775258.html
itel 2 In 1 Powerful Fast Grinder Blender,"₦ 13,890",No rateing data,https://www.jumia.com.ng/itel-2-in-1-powerful-fast-grinder-blender-268180518.html
"itel 20000mAh Fast Charging, Bright Torch STAR 200 Power Bank","₦ 19,500",No rateing data,https://www.jumia.com.ng/itel-20000mah-fast-charging-bright-torch-star-200-power-bank-218020335.html
"itel 5081 Triple SIM, Slim Body, Facebook, Wireless, Deep Blue","₦ 19,000",5 out of 5,https://www.jumia.com.ng/5081-triple-sim-slim-body-facebook-wireless-deep-blue-itel-mpg1662349.html
itel HD Colour Waterproof Smart Watch ISW-31 - Black,"₦ 20,990",3.8 out of 5,https://www.jumia.com.ng/itel-hd-colour-waterproof-smart-watch-isw-31-black-108230429.html
"itel IT5615 2500mAh Big Battery, Wireless FM, Facebook, Triple SIM Phone - Blue","₦ 17,990",No rateing data,https://www.jumia.com.ng/itel-it5615-2500mah-big-battery-wireless-fm-facebook-triple-sim-phone-blue-35806963.html
itel N53 Strong Bass Sport Wireless Neckband,"₦ 6,450",No rateing data,https://www.jumia.com.ng/itel-n53-strong-bass-sport-wireless-neckband-98301799.html
"itel 5081 Triple SIM, Slim Body, Facebook, Wireless FM Phone - Black","₦ 12,850",4 out of 5,https://www.jumia.com.ng/itel-5081-triple-sim-slim-body-facebook-wireless-fm-phone-black-63156607.html
"itel ICC-81 Car Charger, MP3 Player","₦ 5,290",No rateing data,https://www.jumia.com.ng/itel-icc-81-car-charger-mp3-player-183916850.html
"itel 20,000MAH Dual Input & Dual Output Fast Charging Power Bank","₦ 12,890",4 out of 5,https://www.jumia.com.ng/itel-20000mah-dual-input-dual-output-fast-charging-power-bank-98345328.html
itel 32GB Compact Metal Body Flash Drive,"₦ 3,850",4.2 out of 5,https://www.jumia.com.ng/32gb-compact-metal-body-flash-drive-itel-mpg1713069.html
itel 60000mahh 22.5w SuperCharge Power Bank With Lamp,"₦ 59,000",4 out of 5,https://www.jumia.com.ng/itel-60000mahh-22.5w-supercharge-power-bank-with-lamp-254221872.html
itel 20000mAh Dual Input & Dual Output (Fast Charging) Power Bank,"₦ 14,500",3.8 out of 5,https://www.jumia.com.ng/itel-20000mah-dual-input-dual-output-fast-charging-power-bank-218956966.html
"itel 5615 Triple SIM, 2500mAh Big Battery, Wireless FM, Opera Mini - Black","₦ 20,500",No rateing data,https://www.jumia.com.ng/itel-5615-triple-sim-2500mah-big-battery-wireless-fm-opera-mini-black-253817820.html
itel 5 Sockets Extension Box With 3 USB Ports Power Strip,"₦ 6,850",No rateing data,https://www.jumia.com.ng/itel-5-sockets-extension-box-with-3-usb-ports-power-strip-257928114.html
"itel Max Power 60000 PD/QC3.0 Four Output, Four Input Power Bank With Led Light","₦ 62,000",No rateing data,https://www.jumia.com.ng/itel-max-power-60000-pdqc3.0-four-output-four-input-power-bank-with-led-light-259857407.html
itel Redmi Earphone Bluetooth Itel Wireless Neckband Headsets,"₦ 8,199",No rateing data,https://www.jumia.com.ng/itel-redmi-earphone-bluetooth-itel-wireless-neckband-headsets-251134146.html
itel 1M Lightning Braided Fibre USB Cable L22N,"₦ 1,850",No rateing data,https://www.jumia.com.ng/itel-1m-lightning-braided-fibre-usb-cable-l22n-194998343.html
"itel 20,000mAh Star 200 Power Bank","₦ 15,500",2 out of 5,https://www.jumia.com.ng/itel-20000mah-star-200-power-bank-251072952.html
"itel 2173 Wireless FM, Opera Mini, Torch, Dual SIM- Color:  Deep Blue","₦ 10,200",No rateing data,https://www.jumia.com.ng/itel-2173-wireless-fm-opera-mini-torch-dual-sim-color-deep-blue-68465889.html
itel Dual USB Port 2A Fast Charger + Free Cable - Black,"₦ 3,900",4 out of 5,https://www.jumia.com.ng/itel-dual-usb-port-2a-fast-charger-free-cable-black-139589421.html
itel 20000mAh Dual Output Fast Charging STAR 200 Power Bank,"₦ 13,650",No rateing data,https://www.jumia.com.ng/itel-20000mah-dual-output-fast-charging-star-200-power-bank-113154328.html
"itel 20000mAh Fast Charging, Bright Torch Power Bank + Free Fast Charger","₦ 15,000",No rateing data,https://www.jumia.com.ng/itel-20000mah-fast-charging-bright-torch-power-bank-free-fast-charger-253716826.html
"itel S18 6.6"", 64GB/2GB (UpTo 4GB), 5000mAh, 4G - Black","₦ 79,999",5 out of 5,https://www.jumia.com.ng/s18-6.6-64gb2gb-upto-4gb-5000mah-4g-black-itel-mpg1680131.html
itel 20000mAh Fast Charger Power Bank+Free Fast Charger Inside,"₦ 13,999",4 out of 5,https://www.jumia.com.ng/itel-20000mah-fast-charger-power-bankfree-fast-charger-inside-116460726.html
itel 30000mAh Fast Charging Super Speed Power Bank,"₦ 23,995",No rateing data,https://www.jumia.com.ng/itel-30000mah-fast-charging-super-speed-power-bank-257237188.html
itel 20000mAh Dual Input & Dual Output (Fast Charging) Power Bank,"₦ 14,600",No rateing data,https://www.jumia.com.ng/itel-20000mah-dual-input-dual-output-fast-charging-power-bank-266691277.html
itel A56 Protective Flip Case,"₦ 3,000",No rateing data,https://www.jumia.com.ng/itel-a56-protective-flip-case-245547912.html
"itel 2160 Wireless FM, Bright Torchlight,  Dual SIM  -  Blue","₦ 10,800",No rateing data,https://www.jumia.com.ng/itel-2160-wireless-fm-bright-torchlight-dual-sim-blue-122343522.html
"itel Max Power 60000 PD/QC3.0 Four Output, Four Input Power Bank With Led Light","₦ 58,000",No rateing data,https://www.jumia.com.ng/itel-max-power-60000-pdqc3.0-four-output-four-input-power-bank-with-led-light-253716650.html
itel 3 Sockets Extension Box (ISU-1331WL) -White,"₦ 7,500",No rateing data,https://www.jumia.com.ng/itel-3-sockets-extension-box-isu-1331wl-white-255564957.html
"itel 20000mAh Fast Charging, Bright Torch Power Bank + Free Fast Charger","₦ 16,995",1 out of 5,https://www.jumia.com.ng/itel-20000mah-fast-charging-bright-torch-power-bank-free-fast-charger-144832430.html
"itel 2160 Wireless FM, Bright Torchlight, Call Recorder, Dual SIM Feature Phone - Black","₦ 10,990",4.7 out of 5,https://www.jumia.com.ng/2160-wireless-fm-bright-torchlight-call-recorder-dual-sim-feature-phone-black-itel-mpg263754.html
itel T1 Neo Wireless Earbuds - White,"₦ 11,000",No rateing data,https://www.jumia.com.ng/t1-neo-wireless-earbuds-white-itel-mpg2072366.html
"itel 5626 - 2.8"" Screen, 2500mAh, Triple SIM,   Green","₦ 20,200",No rateing data,https://www.jumia.com.ng/itel-5626-2.8-screen-2500mah-triple-sim-green-122455099.html
"itel IT5615 2500mAh Big Battery, Wireless FM, Facebook, Triple SIM Phone - Black","₦ 17,990",No rateing data,https://www.jumia.com.ng/itel-it5615-2500mah-big-battery-wireless-fm-facebook-triple-sim-phone-black-35806966.html
"itel 6350 2.8"" Screen, Smart Touch, 1500mAh Feature Phone - Black","₦ 27,000",4 out of 5,https://www.jumia.com.ng/6350-2.8-screen-smart-touch-1500mah-feature-phone-black-itel-mpg2196512.html
"itel 3A Faster Charging, Extra Durable Braided Micro USB Cable","₦ 1,950",No rateing data,https://www.jumia.com.ng/itel-3a-faster-charging-extra-durable-braided-micro-usb-cable-253772475.html
"itel It5081,2 4 Inch, Triple SIM, Facebook, Wireless FM Phone, 1200mAh, Black","₦ 12,899",4 out of 5,https://www.jumia.com.ng/itel-it50812-4-inch-triple-sim-facebook-wireless-fm-phone-1200mah-black-42494714.html
itel Prime 1 Tablet (W7002) Protective Leather Flip Case,"₦ 5,000",No rateing data,https://www.jumia.com.ng/itel-prime-1-tablet-w7002-protective-leather-flip-case-240424308.html
"itel A58 6.6"" HD+ Screen, Android 11, 16GB ROM + 1GB RAM, 4000mAh Battery, Dual Camera, Fingerprint & Face Unlock","₦ 64,999",No rateing data,https://www.jumia.com.ng/itel-a58-6.6-hd-screen-android-11-16gb-rom-1gb-ram-4000mah-battery-dual-camera-fingerprint-face-unlock-210622515.html
"itel S23 6.6"", 128GB + 4+4 GB RAM, 50MP, 4G LTE, 5000mAh -White","₦ 96,450",1 out of 5,https://www.jumia.com.ng/s23-6.6-128gb-44-gb-ram-50mp-4g-lte-5000mah-white-itel-mpg3790224.html
itel T1 Neo Touch Control BT5.1 Wireless Stereo Earbuds - White,"₦ 15,999",No rateing data,https://www.jumia.com.ng/t1-neo-touch-control-bt5.1-wireless-stereo-earbuds-white-itel-mpg1819986.html
itel 2.1ch Bluetooth High Class Sound Bar Speaker,"₦ 59,700",No rateing data,https://www.jumia.com.ng/itel-2.1ch-bluetooth-high-class-sound-bar-speaker-243279296.html
"itel Pad 1 4G 10.1"" Screen, 4 + 128GB ROM, 6000mAh - BLUE","₦ 155,000",No rateing data,https://www.jumia.com.ng/itel-pad-1-4g-10.1-screen-4-128gb-rom-6000mah-blue-267167197.html
"itel A58 6.6"" HD+ Screen, Android 11, 16GB ROM + 1GB RAM, 4000mAh Battery, Dual Camera, Fingerprint & Face Unlock - Cyan","₦ 64,999",No rateing data,https://www.jumia.com.ng/a58-6.6-hd-screen-android-11-16gb-rom-1gb-ram-4000mah-battery-dual-camera-fingerprint-face-unlock-cyan-itel-mpg1795865.html
"itel It2160,1.77Screen,Rear Camera, Facebook,1000mAh,Dark Blue","₦ 11,500",3.5 out of 5,https://www.jumia.com.ng/it21601.77screenrear-camera-facebook1000mahdark-blue-itel-mpg2046232.html
itel NEW ITEL 6-SOCKET 4-PORT EXTENTION SOCKET,"₦ 9,900",1 out of 5,https://www.jumia.com.ng/itel-new-itel-6-socket-4-port-extention-socket-251614914.html
"itel It2160,1.77Screen,Rear Camera, Facebook,1000mAh, Black","₦ 12,500",No rateing data,https://www.jumia.com.ng/itel-it21601.77screenrear-camera-facebook1000mah-black-59209646.html
"itel 2160 Wireless FM, Bright Torch, Call Recorder, Dual SIM Mobile - Dark Blue","₦ 10,900",4.2 out of 5,https://www.jumia.com.ng/itel-2160-wireless-fm-bright-torch-call-recorder-dual-sim-mobile-dark-blue-32370194.html
"itel 20000mAh Fast Charging, Bright Torch STAR200 Power Bank","₦ 13,600",No rateing data,https://www.jumia.com.ng/itel-20000mah-fast-charging-bright-torch-star200-power-bank-250044982.html
"itel 18Watts 2 USB Port, QC3.0 Fast Charger - White","₦ 7,500",No rateing data,https://www.jumia.com.ng/itel-18watts-2-usb-port-qc3.0-fast-charger-white-256506513.html
itel 20000mAh Power Bank Dual Output & Input Fast Charging,"₦ 13,900",No rateing data,https://www.jumia.com.ng/itel-20000mah-power-bank-dual-output-input-fast-charging-263961646.html
"itel BT5.0 All Day Use, Super Bass Touch Control T1 Earbuds","₦ 8,750",No rateing data,https://www.jumia.com.ng/itel-bt5.0-all-day-use-super-bass-touch-control-t1-earbuds-125227604.html
itel 10000mAh Dual Input & Output Fast Charge STAR 100 Power Bank,"₦ 10,250",4.3 out of 5,https://www.jumia.com.ng/10000mah-dual-input-dual-output-fast-charging-power-bank-itel-mpg1693446.html
